SalesID_updated,Product,Region,Sales,Year,Row_Number
101,Laptop,North,55000,2022,1
102,Mobile,East,42000,2022,2
103,Tablet,West,35000,2022,3
104,Monitor,South,48000,2022,4
105,Keyboard,Central,12000,2022,5
106,Mouse,North,8500,2022,6
107,Headphones,East,18000,2022,7
108,Printer,West,30000,2022,8
109,Smartwatch,South,25000,2022,9
110,Camera,Central,52000,2022,10
111,Laptop,North,62000,2023,11
112,Mobile,East,45000,2023,12
113,Tablet,West,38000,2023,13
114,Monitor,South,51000,2023,14
115,Keyboard,Central,14000,2023,15
116,Mouse,North,9500,2023,16
117,Headphones,East,21000,2023,17
118,Printer,West,33000,2023,18
119,Smartwatch,South,28000,2023,19
120,Camera,Central,58000,2023,20
