SalesID,Product,Region,Sales,Year
101,Laptop,North,55000,2022
102,Mobile,East,42000,2022
103,Tablet,West,35000,2022
104,Monitor,South,48000,2022
105,Keyboard,Central,12000,2022
106,Mouse,North,8500,2022
107,Headphones,East,18000,2022
108,Printer,West,30000,2022
109,Smartwatch,South,25000,2022
110,Camera,Central,52000,2022
111,Laptop,North,62000,2023
112,Mobile,East,45000,2023
113,Tablet,West,38000,2023
114,Monitor,South,51000,2023
115,Keyboard,Central,14000,2023
116,Mouse,North,9500,2023
117,Headphones,East,21000,2023
118,Printer,West,33000,2023
119,Smartwatch,South,28000,2023
120,Camera,Central,58000,2023
